Машина Chevrolet Spark LT1 2013 Электромобиль	https://www.olx.ua/obyavlenie/mashina-chevrolet-spark-lt1-2013-elektromobil-IDHZJjE.html#6b9e93d28d	https://ireland.apollo.olxcdn.com:443/v1/files/15wx8r24qiru2-UA/image;s=644x461
электромобиль Bio Auto evA-4	https://www.olx.ua/obyavlenie/elektromobil-bio-auto-eva-4-IDHBjPS.html#6b9e93d28d	https://ireland.apollo.olxcdn.com:443/v1/files/7kh0todwbpei1-UA/image;s=644x461
Renault Zoe 2014 электромобиль	https://www.olx.ua/obyavlenie/renault-zoe-2014-elektromobil-IDHO1xg.html#6b9e93d28d	https://ireland.apollo.olxcdn.com:443/v1/files/geksgvvdknok1-UA/image;s=644x461
Электромобиль	https://www.olx.ua/obyavlenie/elektromobil-IDHrjxU.html#6b9e93d28d	https://ireland.apollo.olxcdn.com:443/v1/files/87c994z080bc2-UA/image;s=644x461;r=270
Fiat 500E Электрический автомобиль, Электромобиль	https://www.olx.ua/obyavlenie/fiat-500e-elektricheskiy-avtomobil-elektromobil-IDHIsi3.html#6b9e93d28d	https://ireland.apollo.olxcdn.com:443/v1/files/hxkaecogxp0u3-UA/image;s=644x461
Renault Zoe 2014 электромобиль	https://www.olx.ua/obyavlenie/renault-zoe-2014-elektromobil-IDHO1xg.html#6b9e93d28d	https://ireland.apollo.olxcdn.com:443/v1/files/geksgvvdknok1-UA/image;s=644x461
электромобиль Ford Electric	https://www.olx.ua/obyavlenie/elektromobil-ford-electric-IDF0042.html#6b9e93d28d	https://ireland.apollo.olxcdn.com:443/v1/files/35tyz9i4sge71-UA/image;s=644x461
Продажа Toyota RAV4 EV 2013 Отличный электромобиль!!!	https://www.olx.ua/obyavlenie/prodazha-toyota-rav4-ev-2013-otlichnyy-elektromobil-IDHER0e.html#6b9e93d28d	https://ireland.apollo.olxcdn.com:443/v1/files/zm5pg5ks5ijc2-UA/image;s=644x461
электромобиль Bio Auto evA-4	https://www.olx.ua/obyavlenie/elektromobil-bio-auto-eva-4-IDHBjPS.html#6b9e93d28d	https://ireland.apollo.olxcdn.com:443/v1/files/7kh0todwbpei1-UA/image;s=644x461
Фиат 500е FIAT 500E электрофиат. Электромобиль. Электрокар	https://www.olx.ua/obyavlenie/fiat-500e-fiat-500e-elektrofiat-elektromobil-elektrokar-IDHBb1w.html#6b9e93d28d	https://ireland.apollo.olxcdn.com:443/v1/files/n97dnjf2f3723-UA/image;s=644x461
Машина Chevrolet Spark LT1 2013 Электромобиль	https://www.olx.ua/obyavlenie/mashina-chevrolet-spark-lt1-2013-elektromobil-IDHZJjE.html#6b9e93d28d	https://ireland.apollo.olxcdn.com:443/v1/files/15wx8r24qiru2-UA/image;s=644x461
Продам свой электромобиль/гибрид Chevrolet Volt 2012 70km ход батареи	https://www.olx.ua/obyavlenie/prodam-svoy-elektromobil-gibrid-chevrolet-volt-2012-70km-hod-batarei-IDHFK2H.html#6b9e93d28d	https://ireland.apollo.olxcdn.com:443/v1/files/u3ty1m4f7k8u3-UA/image;s=644x461
Электромобиль ChangAn EV360	https://www.olx.ua/obyavlenie/elektromobil-changan-ev360-IDH0SFX.html#6b9e93d28d	https://ireland.apollo.olxcdn.com:443/v1/files/0ypb1cm7dl5u1-UA/image;s=644x461
Nissan Leaf 2016 !батарея 30 кВт! Электромобиль Ниссан Лиф, Лиаф	https://www.olx.ua/obyavlenie/nissan-leaf-2016-batareya-30-kvt-elektromobil-nissan-lif-liaf-IDGiVon.html#6b9e93d28d	https://ireland.apollo.olxcdn.com:443/v1/files/lhzlr6d63dtx2-UA/image;s=644x461
BMW I3 GIGA+, Электромобиль БМВ	https://www.olx.ua/obyavlenie/bmw-i3-giga-elektromobil-bmv-IDB3lo2.html#6b9e93d28d	https://ireland.apollo.olxcdn.com:443/v1/files/lx4tqkj7odo-UA/image;s=644x461
Renault Kangoo Z E Рено Кенго электромобиль	https://www.olx.ua/obyavlenie/renault-kangoo-z-e-reno-kengo-elektromobil-IDEasF8.html#6b9e93d28d	https://ireland.apollo.olxcdn.com:443/v1/files/ou2k80680g9u2-UA/image;s=644x461
продам электромобиль	https://www.olx.ua/obyavlenie/prodam-elektromobil-IDEybCK.html#6b9e93d28d	https://ireland.apollo.olxcdn.com:443/v1/files/iz0g4dpyg7693-UA/image;s=644x461
Продаю электромобиль Nissan Leaf 2011	https://www.olx.ua/obyavlenie/prodayu-elektromobil-nissan-leaf-2011-IDBJbXL.html#6b9e93d28d	https://ireland.apollo.olxcdn.com:443/v1/files/flfvd11zw9xt2-UA/image;s=644x461
Электромобиль	https://www.olx.ua/obyavlenie/elektromobil-IDD6jno.html#6b9e93d28d	https://ireland.apollo.olxcdn.com:443/v1/files/31tpqn3qiwuj3-UA/image;s=644x461
Новый Автомобиль Электромобиль ORION G-SMART NwaGlobal	https://www.olx.ua/obyavlenie/novyy-avtomobil-elektromobil-orion-g-smart-nwaglobal-IDCmaQe.html#6b9e93d28d	https://ireland.apollo.olxcdn.com:443/v1/files/pac1trgaatqc3-UA/image;s=644x461
Электромобиль tazzari zero Italy електрокар	https://www.olx.ua/obyavlenie/elektromobil-tazzari-zero-italy-elektrokar-IDH7QPP.html#6b9e93d28d	https://ireland.apollo.olxcdn.com:443/v1/files/hmnfthlrfjqi-UA/image;s=644x461
электромобиль Fiat 500e не(leaf-леаф)	https://www.olx.ua/obyavlenie/elektromobil-fiat-500e-neleaf-leaf-IDynGTY.html#6b9e93d28d	https://ireland.apollo.olxcdn.com:443/v1/files/cidqduhpp4mo3-UA/image;s=644x461
Nissan Leaf Электромобиль	https://www.olx.ua/obyavlenie/nissan-leaf-elektromobil-IDGRU5Q.html#6b9e93d28d	https://ireland.apollo.olxcdn.com:443/v1/files/nz6agarexitx-UA/image;s=644x461
Электромобиль Nissan Leaf 2015г	https://www.olx.ua/obyavlenie/elektromobil-nissan-leaf-2015g-IDBkhXQ.html#6b9e93d28d	https://ireland.apollo.olxcdn.com:443/v1/files/eph22l9y9hdq1-UA/image;s=644x461
Электромобиль Донг Фенг S50EV	https://www.olx.ua/obyavlenie/elektromobil-dong-feng-s50ev-IDHSwxR.html#6b9e93d28d	https://ireland.apollo.olxcdn.com:443/v1/files/10xnhjlrsvkh-UA/image;s=644x461
отличный электромобиль NISSAN только из Америки!	https://www.olx.ua/obyavlenie/otlichnyy-elektromobil-nissan-tolko-iz-ameriki-IDDUkZ8.html#6b9e93d28d	https://ireland.apollo.olxcdn.com:443/v1/files/bogj88gus5ck2-UA/image;s=644x461
Продам электромобиль Smart	https://www.olx.ua/obyavlenie/prodam-elektromobil-smart-IDHBbOe.html#6b9e93d28d	https://ireland.apollo.olxcdn.com:443/v1/files/hvsj37ra6qxw1-UA/image;s=644x461
Электромобиль BMW I3. Giga World 2015. Купить в Одессе	https://www.olx.ua/obyavlenie/elektromobil-bmw-i3-giga-world-2015-kupit-v-odesse-IDDTR2U.html#6b9e93d28d	https://ireland.apollo.olxcdn.com:443/v1/files/kjubjbozx1o22-UA/image;s=644x461
Nissan Leaf S 40 кВтч CHARGE PACKAGE 2019 электромобиль 3 типа зарядки	https://www.olx.ua/obyavlenie/nissan-leaf-s-40-kvtch-charge-package-2019-elektromobil-3-tipa-zaryadki-IDHBmAf.html#6b9e93d28d	https://ireland.apollo.olxcdn.com:443/v1/files/o9a9cqgszujf2-UA/image;s=644x461
Продам электромобиль, Nissan Leaf, 2014 года выпуска, комплектация SV	https://www.olx.ua/obyavlenie/prodam-elektromobil-nissan-leaf-2014-goda-vypuska-komplektatsiya-sv-IDHg6ZB.html#6b9e93d28d	https://ireland.apollo.olxcdn.com:443/v1/files/a8z5v1cxpawl1-UA/image;s=644x461
Электромобиль Chery Tiggo 3X E480 без пробега	https://www.olx.ua/obyavlenie/elektromobil-chery-tiggo-3x-e480-bez-probega-IDHeAQv.html#6b9e93d28d	https://ireland.apollo.olxcdn.com:443/v1/files/c6ilvijxb5jn3-UA/image;s=644x461
Chevrolet Volt 2016 гибрид электромобиль,у нас свое СТО, шевроле вольт	https://www.olx.ua/obyavlenie/chevrolet-volt-2016-gibrid-elektromobil-u-nas-svoe-sto-shevrole-volt-IDyTVRi.html#6b9e93d28d	https://ireland.apollo.olxcdn.com:443/v1/files/1xqsqyxstcw9-UA/image;s=644x461
Honda Clarity 2018 plug in hybrid электромобиль гибрид	https://www.olx.ua/obyavlenie/honda-clarity-2018-plug-in-hybrid-elektromobil-gibrid-IDDYZB3.html#6b9e93d28d	https://ireland.apollo.olxcdn.com:443/v1/files/yhzfkaskt4592-UA/image;s=644x461
Продам электокар электромобиль ford focus electric	https://www.olx.ua/obyavlenie/prodam-elektokar-elektromobil-ford-focus-electric-IDHaF6t.html#6b9e93d28d	https://ireland.apollo.olxcdn.com:443/v1/files/21gl7u41qkof3-UA/image;s=644x461
Продам электромобиль Fiat 500e (Electric) Фиат 500 Электро 2015 года	https://www.olx.ua/obyavlenie/prodam-elektromobil-fiat-500e-electric-fiat-500-elektro-2015-goda-IDGpZFR.html#6b9e93d28d	https://ireland.apollo.olxcdn.com:443/v1/files/y5jgi9b8z0741-UA/image;s=644x461
Сhery Tiggo 3ЕХ электромобиль	https://www.olx.ua/obyavlenie/shery-tiggo-3eh-elektromobil-IDHArPa.html#6b9e93d28d	https://ireland.apollo.olxcdn.com:443/v1/files/s0tks34t35x43-UA/image;s=644x461
Электромобиль	https://www.olx.ua/obyavlenie/elektromobil-IDF9stD.html#6b9e93d28d	https://ireland.apollo.olxcdn.com:443/v1/files/8fvnkso9jayb3-UA/image;s=644x461
Электромобиль FORD C-Max Energi Plug-in EV Electric Форд С Мах	https://www.olx.ua/obyavlenie/elektromobil-ford-c-max-energi-plug-in-ev-electric-ford-s-mah-IDHeuFu.html#6b9e93d28d	https://ireland.apollo.olxcdn.com:443/v1/files/k2iwt51n6r9b-UA/image;s=644x461
Продам электромобиль Nissan Leaf S+ 2014-2015	https://www.olx.ua/obyavlenie/prodam-elektromobil-nissan-leaf-s-2014-2015-IDGBIcY.html#6b9e93d28d	https://ireland.apollo.olxcdn.com:443/v1/files/dyzkfc3xcova1-UA/image;s=644x461
Nissan e-NV200 2017 Электромобиль	https://www.olx.ua/obyavlenie/nissan-e-nv200-2017-elektromobil-IDHO1L6.html#6b9e93d28d	https://ireland.apollo.olxcdn.com:443/v1/files/jtl2r6orawlz1-UA/image;s=644x461
Nissan Leaf SV 2014, Электромобиль Ниссан Лиаф, Лиф	https://www.olx.ua/obyavlenie/nissan-leaf-sv-2014-elektromobil-nissan-liaf-lif-IDGqY8G.html#6b9e93d28d	https://ireland.apollo.olxcdn.com:443/v1/files/gr4v6se2ep6l3-UA/image;s=644x461
Nissan Leaf 2016 !30 кВт батарея! Электромобиль Ниссан Лиф Лиаф	https://www.olx.ua/obyavlenie/nissan-leaf-2016-30-kvt-batareya-elektromobil-nissan-lif-liaf-IDEgd4C.html#6b9e93d28d	https://ireland.apollo.olxcdn.com:443/v1/files/fkvhbcd9lexf-UA/image;s=644x461
Продам электромобиль	https://www.olx.ua/obyavlenie/prodam-elektromobil-IDGfWrx.html#6b9e93d28d	https://ireland.apollo.olxcdn.com:443/v1/files/g7qokuh4bpmv-UA/image;s=644x461
Электромобиль Chevrolet Volt 2014	https://www.olx.ua/obyavlenie/elektromobil-chevrolet-volt-2014-IDFgR53.html#6b9e93d28d	https://ireland.apollo.olxcdn.com:443/v1/files/3u80nudxvkwp1-UA/image;s=644x461
